{
  "results": [
    {
      "command": "target/release/three_em run --contract-id t9T7DIOGxx4VWXoCEeYYarFYeERTpWIC1V3y-BPZgKE --height 749180",
      "mean": 1.46882571242,
      "stddev": 0.10870743656696229,
      "median": 1.4422764518200002,
      "user": 0.036130899999999994,
      "system": 0.017842900000000002,
      "min": 1.30838485982,
      "max": 1.64565675382,
      "times": [
        1.64565675382,
        1.3499199748200001,
        1.30838485982,
        1.55768378582,
        1.61650894782,
        1.47515660782,
        1.42919476782,
        1.4211985228200001,
        1.4319847278200002,
        1.4525681758200002
      ],
      "exit_codes": [
        0,
        0,
        0,
        0,
        0,
        0,
        0,
        0,
        0,
        0
      ]
    }
  ]
}
