{
  "results": [
    {
      "command": "target/release/bench_evm",
      "mean": 1.5896403546000002,
      "stddev": 0.13487646900707692,
      "median": 1.5502436375,
      "user": 0.017871779999999997,
      "system": 0.008620019999999999,
      "min": 1.473355575,
      "max": 1.95539551,
      "times": [
        1.553784596,
        1.592206347,
        1.589667173,
        1.508611133,
        1.5300724650000002,
        1.609651592,
        1.95539551,
        1.546702679,
        1.473355575,
        1.536956476
      ],
      "exit_codes": [
        0,
        0,
        0,
        0,
        0,
        0,
        0,
        0,
        0,
        0
      ]
    }
  ]
}
