{
  "results": [
    {
      "command": "target/release/three_em run --contract-id KfU_1Uxe3-h2r3tP6ZMfMT-HBFlM887tTFtS-p4edYQ",
      "mean": 2.4492982187,
      "stddev": 0.9701687754232412,
      "median": 2.4967245443,
      "user": 0.058331299999999996,
      "system": 0.022044539999999994,
      "min": 1.2143893548,
      "max": 3.8714179418,
      "times": [
        3.8562863458,
        3.8714179418,
        2.2468733048,
        1.3239298028,
        1.2143893548,
        2.7459159778,
        2.8975195448,
        2.7414108248,
        1.3432008257999999,
        2.2520382638
      ],
      "exit_codes": [
        0,
        0,
        0,
        0,
        0,
        0,
        0,
        0,
        0,
        0
      ]
    }
  ]
}
