{
  "results": [
    {
      "command": "target/release/bench_evm",
      "mean": 1.1952148187800002,
      "stddev": 0.3379132390811652,
      "median": 1.0199652766799998,
      "user": 0.01529488,
      "system": 0.017066320000000003,
      "min": 0.94772673368,
      "max": 1.98247761568,
      "times": [
        1.98247761568,
        1.5524592806800002,
        0.94772673368,
        0.97558964268,
        0.99049776268,
        1.1565943836800001,
        1.01632367668,
        0.97675352768,
        1.02360687668,
        1.33011868768
      ],
      "exit_codes": [
        0,
        0,
        0,
        0,
        0,
        0,
        0,
        0,
        0,
        0
      ]
    }
  ]
}
