{
  "results": [
    {
      "command": "target/release/bench",
      "mean": 1.8362919529,
      "stddev": 0.46516799664494435,
      "median": 1.6981985362,
      "user": 0.10044623999999999,
      "system": 0.01336955,
      "min": 1.6091724047,
      "max": 3.6569839817,
      "times": [
        1.6587039527,
        1.7006968377,
        1.6645888867,
        1.6690533507,
        1.6091724047,
        1.6465601107,
        1.7099673307,
        1.6186322777,
        1.7137288707,
        1.6352695347000001,
        1.7144374867,
        2.1151012077000004,
        1.7717775357,
        1.7036872547,
        3.6569839817,
        1.6763986807,
        1.7112011137,
        2.3694978637000004,
        1.6957002347,
        1.6846801417000001
      ],
      "exit_codes": [
        0,
        0,
        0,
        0,
        0,
        0,
        0,
        0,
        0,
        0,
        0,
        0,
        0,
        0,
        0,
        0,
        0,
        0,
        0,
        0
      ]
    },
    {
      "command": "target/release/bench_evm",
      "mean": 2.18314348875,
      "stddev": 0.590196647573993,
      "median": 1.9110960317,
      "user": 0.016029540000000002,
      "system": 0.007293469999999999,
      "min": 1.8087104647,
      "max": 3.9688268827,
      "times": [
        2.1725571846999996,
        1.9175522137,
        2.2700937327000004,
        1.8773888837,
        2.2250400367000003,
        1.8237358817,
        2.0075360337,
        1.9534980527,
        3.5587034327,
        1.8087104647,
        1.8540815417,
        1.8539304017,
        1.9046398497,
        1.8245571797,
        1.8810835557,
        2.6995191127,
        2.3356081107,
        1.8947620687000002,
        1.8310451547000002,
        3.9688268827
      ],
      "exit_codes": [
        0,
        0,
        0,
        0,
        0,
        0,
        0,
        0,
        0,
        0,
        0,
        0,
        0,
        0,
        0,
        0,
        0,
        0,
        0,
        0
      ]
    },
    {
      "command": "target/release/bench_wasm",
      "mean": 1.7466022130500005,
      "stddev": 0.32683836454260057,
      "median": 1.6152297117,
      "user": 0.054824039999999984,
      "system": 0.01331945,
      "min": 1.5228642527,
      "max": 2.8837704617,
      "times": [
        1.5512413377,
        1.6317682417,
        1.9328597287000002,
        1.5667375117000002,
        1.8116616417,
        1.5529036347,
        1.5856300007,
        2.8837704617,
        1.6347942157000002,
        1.5762898517000001,
        1.5955975787,
        1.5986911817,
        1.5547796737,
        1.5885331177000002,
        2.2902581567,
        1.6319864277,
        1.8038743887,
        1.6811072007,
        1.5228642527,
        1.9366956567000002
      ],
      "exit_codes": [
        0,
        0,
        0,
        0,
        0,
        0,
        0,
        0,
        0,
        0,
        0,
        0,
        0,
        0,
        0,
        0,
        0,
        0,
        0,
        0
      ]
    },
    {
      "command": "node tools/benchmarks/smartweave/index.js",
      "mean": 7.603255881100002,
      "stddev": 1.2947673613507964,
      "median": 7.2191348627,
      "user": 0.28858043999999994,
      "system": 0.0368426,
      "min": 6.2388545206999995,
      "max": 10.8950940857,
      "times": [
        6.8986451277,
        6.2388545206999995,
        9.302268382700001,
        7.7402486527,
        6.9885585007,
        6.6126734116999994,
        10.555689477700001,
        7.9999705777,
        7.7115516627,
        8.004668799700001,
        6.8729797607,
        7.4077572386999995,
        6.6443670867,
        7.0305124867,
        6.6238088717,
        7.5933265957,
        6.6490514697,
        7.935532450699999,
        6.3595584617,
        10.8950940857
      ],
      "exit_codes": [
        0,
        0,
        0,
        0,
        0,
        0,
        0,
        0,
        0,
        0,
        0,
        0,
        0,
        0,
        0,
        0,
        0,
        0,
        0,
        0
      ]
    },
    {
      "command": "target/release/bench_fh",
      "mean": 0.11215453645,
      "stddev": 0.04460071806576996,
      "median": 0.09807192470000001,
      "user": 0.09500804000000003,
      "system": 0.0090784,
      "min": 0.08420367370000001,
      "max": 0.29565070670000004,
      "times": [
        0.29565070670000004,
        0.09862760770000001,
        0.09742582770000001,
        0.0956243977,
        0.0968221107,
        0.0959572087,
        0.0975162417,
        0.09456589870000001,
        0.0920466707,
        0.0880142597,
        0.10440550370000001,
        0.11866036270000001,
        0.11825709870000001,
        0.1209031027,
        0.11577242770000001,
        0.1192491987,
        0.1076022487,
        0.0935477227,
        0.08420367370000001,
        0.10823845970000001
      ],
      "exit_codes": [
        0,
        0,
        0,
        0,
        0,
        0,
        0,
        0,
        0,
        0,
        0,
        0,
        0,
        0,
        0,
        0,
        0,
        0,
        0,
        0
      ]
    }
  ]
}
