{
  "results": [
    {
      "command": "target/release/bench",
      "mean": 0.03141741554000001,
      "stddev": 0.0033888976384478216,
      "median": 0.030577646240000003,
      "user": 0.026514149999999993,
      "system": 0.005452262999999999,
      "min": 0.02816057174,
      "max": 0.04183556674,
      "times": [
        0.03748117174,
        0.04183556674,
        0.03193843974,
        0.030780285740000003,
        0.03284738174,
        0.030825673740000004,
        0.02859495574,
        0.030375006740000002,
        0.02875769174,
        0.03299554474,
        0.02856717374,
        0.02816057174,
        0.03149008774,
        0.029166147740000002,
        0.03496073674,
        0.02936211974,
        0.028679013740000002,
        0.031143265740000002,
        0.03036473774,
        0.03002273774
      ],
      "exit_codes": [
        0,
        0,
        0,
        0,
        0,
        0,
        0,
        0,
        0,
        0,
        0,
        0,
        0,
        0,
        0,
        0,
        0,
        0,
        0,
        0
      ]
    },
    {
      "command": "target/release/bench_evm",
      "mean": 2.07925194274,
      "stddev": 0.34762991629683504,
      "median": 1.9292185927400003,
      "user": 0.015329299999999999,
      "system": 0.007846612999999999,
      "min": 1.7785805227400002,
      "max": 2.92275190374,
      "times": [
        2.85590585074,
        1.89288351974,
        1.84192158674,
        1.7785805227400002,
        2.12831739974,
        1.9299851737400002,
        2.18816511074,
        1.94358038074,
        1.78793739974,
        1.97446865374,
        1.92698613974,
        1.9284520117400001,
        1.80951054974,
        2.18356970474,
        2.92275190374,
        1.82248394774,
        1.90053832774,
        1.83819257374,
        2.2846204427399996,
        2.64618765474
      ],
      "exit_codes": [
        0,
        0,
        0,
        0,
        0,
        0,
        0,
        0,
        0,
        0,
        0,
        0,
        0,
        0,
        0,
        0,
        0,
        0,
        0,
        0
      ]
    },
    {
      "command": "target/release/bench_wasm",
      "mean": 1.79834863484,
      "stddev": 0.467086014325619,
      "median": 1.60769636174,
      "user": 0.058319050000000004,
      "system": 0.010754791,
      "min": 1.5203090027400001,
      "max": 3.34447143474,
      "times": [
        1.64257143574,
        3.34447143474,
        1.5444628897400001,
        1.5203090027400001,
        1.54701076574,
        1.58223307374,
        1.63656480174,
        1.5461271647400001,
        1.60917060074,
        1.56122639374,
        1.65255672874,
        1.5999286787400002,
        1.6235219147400002,
        1.60622212274,
        1.59137884174,
        2.40958506074,
        2.46668291074,
        1.63716229874,
        2.2755871977399997,
        1.5701993787400002
      ],
      "exit_codes": [
        0,
        0,
        0,
        0,
        0,
        0,
        0,
        0,
        0,
        0,
        0,
        0,
        0,
        0,
        0,
        0,
        0,
        0,
        0,
        0
      ]
    },
    {
      "command": "node tools/benchmarks/smartweave/index.js",
      "mean": 7.818955185290001,
      "stddev": 1.3117191233406698,
      "median": 7.62033282324,
      "user": 0.29035120000000003,
      "system": 0.031118729999999994,
      "min": 6.3215160277399995,
      "max": 10.81770549274,
      "times": [
        7.12814875874,
        8.757015603740001,
        6.81584807874,
        8.050736071740001,
        7.58913259674,
        6.74223656974,
        9.085637315740001,
        8.01766615174,
        6.6234859107399995,
        7.65153304974,
        6.3215160277399995,
        9.48958998974,
        10.81770549274,
        8.14620756274,
        6.46894636874,
        6.9428931687399995,
        6.61923534374,
        6.852372358739999,
        7.82021029274,
        10.43898699274
      ],
      "exit_codes": [
        0,
        0,
        0,
        0,
        0,
        0,
        0,
        0,
        0,
        0,
        0,
        0,
        0,
        0,
        0,
        0,
        0,
        0,
        0,
        0
      ]
    }
  ]
}
