{
  "results": [
    {
      "command": "../../target/release/bench",
      "mean": 2.3461116391399996,
      "stddev": 0.12710150437751278,
      "median": 2.33984530584,
      "user": 0.08773051,
      "system": 0.008495949999999999,
      "min": 2.12007032634,
      "max": 2.68549216034,
      "times": [
        2.4772243683400004,
        2.3636128263400003,
        2.25722382634,
        2.31607778534,
        2.37157211834,
        2.24969295134,
        2.28116774334,
        2.2450802853400003,
        2.12007032634,
        2.29128020134,
        2.39266407634,
        2.36729966034,
        2.44456591034,
        2.4774489513400004,
        2.47754616034,
        2.39072749334,
        2.2580746183400002,
        2.19323736834,
        2.68549216034,
        2.2621739513400003
      ],
      "exit_codes": [
        0,
        0,
        0,
        0,
        0,
        0,
        0,
        0,
        0,
        0,
        0,
        0,
        0,
        0,
        0,
        0,
        0,
        0,
        0,
        0
      ]
    },
    {
      "command": "../../target/release/bench_evm",
      "mean": 3.04411818084,
      "stddev": 0.23462867133661786,
      "median": 2.99605382634,
      "user": 0.009081210000000001,
      "system": 0.00925995,
      "min": 2.7588815763400003,
      "max": 3.4972861603400003,
      "times": [
        2.86564482634,
        3.03043003534,
        2.76367474334,
        3.00896557634,
        2.7588815763400003,
        2.76172978534,
        2.9679789103400003,
        3.23697357634,
        2.9006801603400003,
        3.37731982634,
        3.0692999103400003,
        3.2758542433400004,
        3.4972861603400003,
        2.8496758263400004,
        3.4351059103400003,
        2.98314207634,
        3.08314107634,
        3.2849152853400003,
        2.96872478534,
        2.76293932634
      ],
      "exit_codes": [
        0,
        0,
        0,
        0,
        0,
        0,
        0,
        0,
        0,
        0,
        0,
        0,
        0,
        0,
        0,
        0,
        0,
        0,
        0,
        0
      ]
    },
    {
      "command": "../../target/release/bench_wasm",
      "mean": 2.5238592579900003,
      "stddev": 0.3531235445609366,
      "median": 2.3675604308400002,
      "user": 0.055419709999999976,
      "system": 0.0120925,
      "min": 2.12457441034,
      "max": 3.4142544103400003,
      "times": [
        2.33889211834,
        2.15341120134,
        2.14834328534,
        2.6114308683400003,
        2.81900745134,
        2.36020932634,
        2.12457441034,
        2.3749115353400003,
        2.83329036834,
        2.7992494103400003,
        2.55097991034,
        2.5200909513400003,
        2.26086791034,
        2.22919541034,
        2.8074859513400003,
        2.3530905353400002,
        2.2495597433400003,
        2.35666649334,
        3.17167386834,
        3.4142544103400003
      ],
      "exit_codes": [
        0,
        0,
        0,
        0,
        0,
        0,
        0,
        0,
        0,
        0,
        0,
        0,
        0,
        0,
        0,
        0,
        0,
        0,
        0,
        0
      ]
    },
    {
      "command": "../../target/release/bench_fh",
      "mean": 0.04031656829,
      "stddev": 0.00038526442211366554,
      "median": 0.04020255584,
      "user": 0.03665401,
      "system": 0.0029801,
      "min": 0.03979470134,
      "max": 0.041313326340000005,
      "times": [
        0.04069286834000001,
        0.04015703534,
        0.040623410340000006,
        0.040022035340000005,
        0.04061007634,
        0.04054449334,
        0.039882826340000004,
        0.04081582634000001,
        0.04004895134000001,
        0.04021636834,
        0.04000945134,
        0.04042441034,
        0.040011910340000005,
        0.040691618340000006,
        0.040004201340000003,
        0.04001078534000001,
        0.03979470134,
        0.040188743340000006,
        0.04026832634000001,
        0.041313326340000005
      ],
      "exit_codes": [
        0,
        0,
        0,
        0,
        0,
        0,
        0,
        0,
        0,
        0,
        0,
        0,
        0,
        0,
        0,
        0,
        0,
        0,
        0,
        0
      ]
    },
    {
      "command": "node ./smartweave/index.js",
      "mean": 6.26942440164,
      "stddev": 0.45019063118828545,
      "median": 6.09177299334,
      "user": 0.20309215999999997,
      "system": 0.02725375,
      "min": 5.55863749334,
      "max": 7.59460920134,
      "times": [
        6.454234076340001,
        6.0420097013400005,
        6.44656207634,
        6.14153628534,
        6.02950241034,
        5.949342118340001,
        6.44191991034,
        5.55863749334,
        6.01031932634,
        6.03526195134,
        6.4970287433400005,
        5.88048228534,
        7.59460920134,
        6.44691103534,
        6.65200282634,
        5.92341545134,
        5.94711266034,
        6.34937774334,
        6.95896057634,
        6.02926216034
      ],
      "exit_codes": [
        0,
        0,
        0,
        0,
        0,
        0,
        0,
        0,
        0,
        0,
        0,
        0,
        0,
        0,
        0,
        0,
        0,
        0,
        0,
        0
      ]
    }
  ]
}
